country_name,recycling_company_name,recycling_efficiency_rate
Czechia,"National WEEE recovery system – Czechia",104
Poland,"National WEEE recovery system – Poland",100
Germany,"National WEEE recovery system – Germany",99
Estonia,"National WEEE recovery system – Estonia",98
Ireland,"National WEEE recovery system – Ireland",98
Portugal,"National WEEE recovery system – Portugal",98
Netherlands,"National WEEE recovery system – Netherlands",98
Austria,"National WEEE recovery system – Austria",96
Luxembourg,"National WEEE recovery system – Luxembourg",95
Slovenia,"National WEEE recovery system – Slovenia",95
Slovakia,"National WEEE recovery system – Slovakia",94
Finland,"National WEEE recovery system – Finland",93
Norway,"National WEEE recovery system – Norway",93
Greece,"National WEEE recovery system – Greece",92
Malta,"National WEEE recovery system – Malta",90
"European Union","National WEEE recovery system – European Union - 27 countries (from 2020)",89
Cyprus,"National WEEE recovery system – Cyprus",88
France,"National WEEE recovery system – France",88
Croatia,"National WEEE recovery system – Croatia",86
Belgium,"National WEEE recovery system – Belgium",86
Bulgaria,"National WEEE recovery system – Bulgaria",84
Lithuania,"National WEEE recovery system – Lithuania",83
Spain,"National WEEE recovery system – Spain",82
Latvia,"National WEEE recovery system – Latvia",79
Italy,"National WEEE recovery system – Italy",74
Liechtenstein,"National WEEE recovery system – Liechtenstein",73
Hungary,"National WEEE recovery system – Hungary",70
Denmark,"National WEEE recovery system – Denmark",20
